document_name,domain,question,answer,modality,reasoning_type,page
Attention is all you need,NLP,Mục tiêu chính của bài báo 'Attention is all you need' là gì?,Mục tiêu của bài báo là đề xuất kiến trúc Transformer dựa hoàn toàn vào attention để xử lý sequence transduction.,text,summarization,1
Attention is all you need,NLP,Transformer đạt bao nhiêu BLEU trên bài toán English to German WMT 2014?,Transformer đạt điểm BLEU là 28.4 trên bài toán English to German WMT 2014.,text,fact_extraction,1
Attention is all you need,NLP,Transformer có đặc điểm khác biệt gì so với các mô hình trước đó?,"Transformer loại bỏ hoàn toàn recurrence và convolution, chỉ sử dụng attention mechanism.",table,fact_extraction,8
Attention is all you need,NLP,Mô hình tốt nhất đề cử bởi bài báo 'Attention is all you need' đạt bao nhiêu BLEU trên bài toán English to French WMT 2014?,Transformer big đạt điểm BLEU là 41.0 trên bài toán English to French WMT 2014.,text,fact_extraction,1
Attention is all you need,NLP,"Theo bài báo Attention is all you need, vì sao các mô hình recurrent lại khó parallelization?",Recurrent model xử lý tuần tự theo từng vị trí nên không thể song song hóa trong một sequence.,text,fact_extraction,1
Attention is all you need,NLP,Transformer được huấn luyện trong bao lâu trên English to French?,Transformer được huấn luyện trong 3.5 ngày trên tám P100 GPU.,text,fact_extraction,2
Attention is all you need,NLP,"Trong bài báo 'Attention is all you need', self-attention là gì?",Self attention là cơ chế attention liên kết các vị trí khác nhau trong cùng một sequence để tạo representation.,text,fact_extraction,1
Attention is all you need,NLP,"Trong bài báo Attention is all you need, số lớp trong encoder và decoder là bao nhiêu?",Cả encoder và decoder đều gồm 6 lớp giống nhau.,text,fact_extraction,2
Attention is all you need,NLP,"Mỗi lớp encoder trong kiến trúc Transformer của bài báo ""Attention is all you need"" gồm những thành phần nào?",Mỗi lớp encoder gồm multi head self attention và feed forward network.,text,fact_extraction,2
Attention is all you need,NLP,Kích thước vector dmodel trong bài báo Attention is all you need là bao nhiêu?,Giá trị của dmodel là 512.,text,fact_extraction,2
Attention is all you need,NLP,"Trong mô hình Transformer (Attention is all you need), attention function hoạt động như thế nào?","Attention function ánh xạ query cùng các key-value pairs thành output bằng cách tính weighted sum của values, trong đó trọng số được xác định bởi compatibility giữa query và các key.",text,summarization,3
Attention is all you need,NLP,Công thức của Scaled Dot-Product Attention trong bài báo 'Attention is all you need' có đặc điểm gì?,Scaled dot product attention chia dot product cho căn bậc hai của dk trước khi áp dụng softmax.,image,summarization,4
Attention is all you need,NLP,"Trong mô hình Transformer (Attention is all you need), số lượng head trong Multi-Head Attention là bao nhiêu?",Số lượng head là 8.,table,summarization,5
Attention is all you need,NLP,"Trong mô hình Transformer được giới thiệu trong bài báo 'Attention is all you need', giá trị dk và dv là bao nhiêu?",Giá trị dk và dv đều bằng 64.,table,fact_extraction,5
Attention is all you need,NLP,Multi-Head Attention trong mô hình Transformer mang lại những lợi ích gì?,Multi head attention cho phép mô hình học thông tin từ nhiều không gian biểu diễn khác nhau.,text,summarization,4
Attention is all you need,NLP,Feed forward network trong Transformer có cấu trúc gì?,Feed forward network gồm hai phép biến đổi tuyến tính với activation ReLU ở giữa và được áp dụng độc lập cho từng vị trí.,text,fact_extraction,5
Attention is all you need,NLP,"Trong kiến trúc Transformer của bài báo Attention is all you need, kích thước lớp ẩn của feed forward network là bao nhiêu?",Kích thước lớp ẩn dff là 2048.,text,fact_extraction,5
Attention is all you need,NLP,"Trong bài báo Attention is all you need, positional encoding sử dụng hàm gì?","Positional encoding sử dụng hàm sine cho chiều 2i và cosine cho chiều 2i+1 với PE(pos,2i)=sin(pos/10000^(2i/dmodel)) và PE(pos,2i+1)=cos(pos/10000^(2i/dmodel))",image,fact_extraction,6
Attention is all you need,NLP,"Trong bài báo ""Attention is all you need"", kích thước từ vựng (vocabulary size) cho tác vụ dịch Anh-Đức là bao nhiêu?","English-to-German sử dụng shared source-target vocabulary khoảng 37,000 tokens.",text,fact_extraction,7
Attention is all you need,NLP,Kích thước từ vựng cho tác vụ dịch Anh-Pháp trong bài báo 'Attention is all you need' là bao nhiêu?,Vocabulary size là 32000 word piece tokens.,text,fact_extraction,7
Attention is all you need,NLP,"Trong bài báo ""Attention is all you need"", batch training chứa bao nhiêu tokens?",Mỗi batch chứa khoảng 25000 source tokens và 25000 target tokens.,text,fact_extraction,7
Attention is all you need,NLP,"Đối với mô hình Transformer trong bài báo Attention is all you need, optimizer nào được sử dụng và các tham số của nó là gì?","Mô hình sử dụng Adam với beta một bằng 0.9, beta hai bằng 0.98 và epsilon bằng mười mũ trừ chín.",image,fact_extraction,7
Attention is all you need,NLP,Số bước huấn luyện của base model trong bài báo 'Attention is all you need' là bao nhiêu?,Base model được huấn luyện trong 100000 bước.,text,fact_extraction,7
Attention is all you need,NLP,"Dropout rate của base model trong bài báo ""Attention is all you need"" là bao nhiêu?",Dropout rate là 0.1.,text,fact_extraction,7
Attention is all you need,NLP,"Đối với mô hình Transformer trong bài báo ""Attention is all you need"", label smoothing có giá trị bao nhiêu?",Label smoothing có giá trị epsilon bằng 0.1.,text,fact_extraction,8
Attention is all you need,NLP,Mô hình nào trong bảng 2 của bài báo 'Attention is all you need' có chi phí huấn luyện cao nhất trên tập English to French? Chi phí đó là bao nhiêu?,Mô hình ConvS2SEnsemble có giá trị cao nhất với 1.2 * 10^21 khi huấn luyện trên tập English to French.,table,comparative,8
Attention is all you need,NLP,"Theo bài báo Attention is all you need, mô hình ByteNet cao hơn MoE bao nhiêu trên thang điểm BLEU ở tập English-to-German?",Mô hình ByteNet cao hơn mô hình MoE 2.28 điểm BLEU trên tập EN-DE.,table,comparative,8
Attention is all you need,NLP,"Theo bài báo Attention is all you need, trên tập English-to-German, mô hình nào có chi phí huấn luyện cao nhì?","Mô hình ConvS2S Ensemble với 7.7 * 10^19, đứng sau GNMT + RL Ensemble với 1.8 * 10^20 .",table,comparative,9
Attention is all you need,NLP,"Trong bài báo 'Attention is all you need', khi giảm d_k từ 32 xuống 16, BLEU đã giảm bao nhiêu trên tập phát triển (development set)?","BLEU giảm 0.3, giảm từ 25.4 xuống 25.1 trên tập development.",table,comparative,9
Attention is all you need,NLP,"Ở transformer big, điểm BLEU trên tập development của English-to-German gấp bao nhiêu lần transformer base?",Điểm BLEU của transformer big hơn transformer base xấp xỉ 1.023 trên tập development của English-to-German,table,comparative,9
TD3,RL,Bài báo TD3 được công bố tại hội nghị nào?,Paper được công bố tại hội nghị International Conference on Machine Learning lần thứ 35.,text,fact_extraction,1
TD3,RL,Bài báo TD3 đánh giá thuật toán trên bao nhiêu môi trường continuous control?,Paper đánh giá trên 7 môi trường continuous control từ OpenAI Gym.,text,fact_extraction,2
TD3,RL,Các thí nghiệm của TD3 được chạy trong bao nhiêu bước thời gian?,Mỗi thí nghiệm được chạy trong 1000000 bước thời gian.,text,fact_extraction,7
TD3,RL,"Trong TD3, mỗi lần đánh giá sử dụng bao nhiêu episode?",Mỗi lần đánh giá sử dụng trung bình phần thưởng trên 10 episode.,text,fact_extraction,8
TD3,RL,Bao nhiêu seed ngẫu nhiên được sử dụng trong thí nghiệm của TD3?,Thí nghiệm sử dụng 10 seed ngẫu nhiên.,text,fact_extraction,8
TD3,RL,"Trong TD3, kích thước mini batch được sử dụng là bao nhiêu?",Mini batch gồm 100 transition được lấy mẫu từ replay buffer.,text,fact_extraction,7
TD3,RL,"Trong bài báo TD3, learning rate được sử dụng cho Adam optimizer là bao nhiêu?",Learning rate được sử dụng là 10 mũ trừ 3.,text,fact_extraction,7
TD3,RL,"Trong thuật toán TD3, độ lệch chuẩn của nhiễu (noise) trong target policy smoothing là bao nhiêu?",Độ lệch chuẩn của noise là 0.2.,text,fact_extraction,6
TD3,RL,"Theo bài báo TD3, nhiễu (noise) được thêm vào trong quá trình làm mịn chính sách mục tiêu (target policy smoothing) bị giới hạn trong khoảng nào?",Noise được clip trong khoảng từ -0.5 đến 0.5.,text,fact_extraction,6
TD3,RL,"Trong TD3, giá trị tau để cập nhật target network là bao nhiêu?",Giá trị tau được đặt là 0.005.,text,fact_extraction,7
TD3,RL,"Trong bảng, thuật toán TD3 đạt bao nhiêu điểm trên môi trường HalfCheetah?",Thuật toán TD3 đạt giá trị 9636.95.,text,fact_extraction,7
TD3,RL,"So sánh TD3 và DDPG trên môi trường Hopper, thuật toán nào tốt hơn?",TD3 tốt hơn vì đạt khoảng 3564.07 trong khi DDPG chỉ khoảng 2020.46.,table,comparative,7
TD3,RL,"So sánh TD3 và SAC trên môi trường Walker2d, kết quả như thế nào?",TD3 cao hơn vì đạt khoảng 4682.82 trong khi SAC chỉ khoảng 1283.67.,table,comparative,7
TD3,RL,"So sánh TD3 và TRPO trên môi trường Ant, thuật toán nào vượt trội hơn?",TD3 vượt trội hơn vì đạt khoảng 4372.44 trong khi TRPO có giá trị khoảng -75.85.,table,comparative,7
TD3,RL,"Trong phần đánh giá, phương pháp TD3 - DP hơn TD3 - CDQ trên môi trường Walker2d bao nhiêu?",Phương pháp TD3 - DP cao hơn TD3 - CDQ 2116.11 đơn vị trả về trung bình.,table,comparative,8
TD3,RL,Mục tiêu chính của bài báo TD3 là gì?,Mục tiêu là giải quyết lỗi function approximation gây overestimation trong actor critic methods.,text,fact_extraction,1
TD3,RL,"Overestimation bias là gì trong Q learning, một vấn đề mà mô hình TD3 được thiết kế để khắc phục?",Overestimation bias là hiện tượng giá trị ước lượng bị cao hơn giá trị thực do tối đa hóa trên giá trị có nhiễu.,text,fact_extraction,1
TD3,RL,"Vì sao temporal difference learning, một cơ chế được sử dụng trong TD3, gây tích lũy lỗi?",Vì mỗi cập nhật sử dụng giá trị ước lượng của trạng thái tiếp theo nên sai số bị lan truyền và tích lũy.,text,fact_extraction,5
TD3,RL,Tại sao Double DQN không hiệu quả trong các phương pháp actor-critic như TD3?,"Vì policy thay đổi chậm nên mạng hiện tại và target quá giống nhau, không giảm được bias.",text,fact_extraction,1
TD3,RL,"Trong TD3, ý tưởng chính của Clipped Double Q learning là gì?",Ý tưởng là lấy giá trị nhỏ nhất giữa 2 critic để giảm overestimation bias.,text,fact_extraction,4
TD3,RL,Tại sao paper TD3 ưu tiên underestimation hơn overestimation?,Vì hành động có giá trị thấp sẽ không được chọn nên lỗi không lan truyền.,text,fact_extraction,4
TD3,RL,Vai trò của target network trong thuật toán TD3 là gì?,Target network giúp ổn định mục tiêu học và giảm tích lũy lỗi qua các lần cập nhật.,text,fact_extraction,5
TD3,RL,Vì sao TD3 cần delayed policy updates?,Vì cập nhật policy trên giá trị có variance cao sẽ gây divergence nên cần trì hoãn để giảm lỗi.,text,fact_extraction,5
TD3,RL,TD3 được xây dựng dựa trên thuật toán nào?,TD3 được xây dựng dựa trên Deep Deterministic Policy Gradient.,text,fact_extraction,2
TD3,RL,"Vì sao trong thuật toán TD3, function approximation error là không thể tránh khỏi?",Vì mô hình học là xấp xỉ nên luôn tồn tại sai số trong việc ước lượng giá trị.,text,fact_extraction,3
MultiResUnet,CV,Bao nhiêu dataset được sử dụng để đánh giá mô hình MultiResUnet?,Có 5 dataset khác nhau được sử dụng để đánh giá mô hình.,text,summarization,8
MultiResUnet,CV,"Theo bài báo MultiResUnet, Dataset Fluorescence Microscopy có bao nhiêu ảnh?",Dataset này có 97 ảnh.,text,fact_extraction,9
MultiResUnet,CV,"Theo bài báo MultiResUnet, Dataset Fluorescence Microscopy chứa tổng cộng bao nhiêu tế bào?",Dataset chứa tổng cộng 4009 tế bào.,text,fact_extraction,9
MultiResUnet,CV,"Trong bài báo MultiResUnet, dataset Electron Microscopy có bao nhiêu ảnh?",Dataset này có 30 ảnh.,text,fact_extraction,9
MultiResUnet,CV,"Theo MultiResUnet, Dataset Dermoscopy có bao nhiêu ảnh?",Dataset này có 2594 ảnh.,text,fact_extraction,9
MultiResUnet,CV,"Trong bài báo MultiResUnet, dataset Endoscopy có bao nhiêu ảnh?",Dataset này có 612 ảnh.,text,fact_extraction,9
MultiResUnet,CV,"Trong bài báo MultiResUnet, dataset MRI gồm bao nhiêu mẫu HGG và LGG?",Dataset gồm 210 HGG và 75 LGG.,text,fact_extraction,9
MultiResUnet,CV,MultiResUnet sử dụng độ phân giải đầu vào của ảnh Fluorescence Microscopy sau resize là bao nhiêu?,Ảnh được resize về 256 nhân 256.,text,fact_extraction,9
MultiResUnet,CV,Mô hình MultiResUnet được huấn luyện trong bao nhiêu epochs?,Mô hình được huấn luyện trong 150 epochs.,text,fact_extraction,12
MultiResUnet,CV,Giá trị threshold được MultiResUnet sử dụng để tạo segmentation map là bao nhiêu?,Giá trị threshold được sử dụng là 0.5.,text,fact_extraction,12
MultiResUnet,CV,Số tham số của U-Net và MultiResUNet lần lượt là bao nhiêu?,"U-Net có 7759521 tham số, trong khi MultiResUNet có 7262750 tham số.",table,fact_extraction,11
MultiResUnet,CV,Relative improvement của MultiResUNet so với U-Net trên Endoscopy là bao nhiêu?,Relative improvement là 10.1465%.,table,fact_extraction,14
MultiResUnet,CV,Kết quả Jaccard Index của MultiResUNet cao hơn U-Net trên Dermoscopy bao nhiêu?,"MultiResUNet đạt 80.2988%, còn U-Net đạt 76.4277%. Vậy nên MultiResUNet cao hơn U-Net 3.8711%.",table,comparative,14
MultiResUnet,CV,Relative improvement của MultiResUnet trên MRI và Electron Microscopy khác nhau như thế nào?,"MRI có cải thiện 1.4104%, trong khi Electron Microscopy chỉ 0.6161%. Cải thiện trên MRI cao hơn Electron Microscopy.",table,comparative,14
MultiResUnet,CV,Mục tiêu chính của bài báo MultiResUnet là gì?,Mục tiêu là cải tiến kiến trúc U-Net và đề xuất MultiResUNet để nâng cao hiệu năng segmentation.,text,summarization,1
MultiResUnet,CV,"Theo bài báo MultiResUnet, Semantic Segmentation là gì?",Semantic Segmentation là quá trình phân vùng ảnh thành các vùng không chồng lấp để nhóm các pixel đồng nhất.,text,fact_extraction,12
MultiResUnet,CV,"Trong kiến trúc U-Net (hoặc cải tiến MultiResUNet), vai trò của skip connection là gì?",Skip connection giúp khôi phục thông tin không gian bị mất do pooling bằng cách nối encoder và decoder.,text,fact_extraction,4
MultiResUnet,CV,"Trong mô hình MultiResUnet, MultiRes block được thiết kế để giải quyết vấn đề gì?",MultiRes block được thiết kế để xử lý variation of scale trong ảnh y sinh.,text,summarization,5
MultiResUnet,CV,"Trong MultiResUnet, Res path được đề xuất nhằm giải quyết vấn đề gì?",Res path nhằm giảm semantic gap giữa feature của encoder và decoder.,text,fact_extraction,7
MultiResUnet,CV,Loss function được sử dụng trong huấn luyện của MultiResUnet là gì?,Binary cross entropy được sử dụng làm loss function.,text,fact_extraction,12
MultiResUnet,CV,"Trong bài báo/mô hình MultiResUnet, tại sao Jaccard Index được sử dụng thay vì precision hoặc recall?",Jaccard Index phản ánh tốt hơn chất lượng segmentation và tránh bị ảnh hưởng bởi background lớn.,text,fact_extraction,12
MultiResUnet,CV,MultiResUNet cải thiện hiệu năng như thế nào trên ảnh khó?,"MultiResUNet đạt cải thiện đáng kể trên ảnh có nhiễu, biên mờ và cấu trúc phức tạp.",text,fact_extraction,15
MultiResUnet,CV,Vì sao MultiResUNet hội tụ nhanh hơn U-Net?,Điều này có thể do sự kết hợp giữa residual connection và batch normalization giúp tối ưu gradient hiệu quả hơn.,text,fact_extraction,14
MultiResUnet,CV,Vì sao MultiResUNet xử lý tốt hơn các boundary mờ?,Điều này có thể do việc sử dụng nhiều kernel size trong MultiRes block giúp mô hình học đặc trưng đa tỉ lệ.,text,fact_extraction,14
MultiResUnet,CV,"Theo bài báo MultiResUNet, vì sao mô hình U-Net thông thường dễ bị over-segmentation trong một số dataset ảnh y tế?","Điều này có thể do khi region of interest chiếm đa số, mô hình có xu hướng dự đoán quá mức để giảm loss.",text,fact_extraction,14
MultiResUnet,CV,"Ở Figure 7 của bài báo MultiResUNet, output của MultiResU-Net cao hơn output của U-Net là bao nhiêu?","Output của MultiResU-Net đạt 0.9697, cao hơn 0.0019 so với U-Net với 0.9678.",image,comparative,15
MultiResUnet,CV,"Ở Hình 10 của bài báo MultiResUNet, kết quả phân vùng của MultiResU-Net cao hơn U-Net bao nhiêu lần?","Output của MultiResU-Net đạt 0.9643 và U-Net đạt 0.9317, vậy kết quả của MultiResU-Net cao hơn U-Net khoảng 1.035 lần.",image,comparative,17
MultiResUnet,CV,"Theo nghiên cứu MultiResUNet, trên kiến trúc dành cho dữ liệu 3D, mô hình U-Net thông thường có bao nhiêu tham số?",U-Net có 19078593 tham số trên kiến trúc dành cho dữ liệu 3D.,table,fact_extraction,11
MultiResUnet,CV,"Theo bài báo MultiResUNet, trên kiến trúc dành cho dữ liệu 3D, mô hình MultiResU-Net có bao nhiêu tham số?",MultiResU-Net có 18657689 tham số trên kiến trúc dành cho dữ liệu 3D.,table,fact_extraction,11
MultiResUnet,CV,"Theo công bố trong MultiResUNet, trên kiến trúc dành cho dữ liệu 3D, mô hình MultiResU-Net có số lượng tham số nhiều hơn U-Net thông thường là bao nhiêu?",MultiResU-Net hơn U-Net 420904 tham số trên kiến trúc dành cho dữ liệu 3D.,table,comparative,11
BERT,NLP,BERT là viết tắt của cụm từ nào?,Bidirectional Encoder Representations from Transformers.,text,summarization,1
BERT,NLP,"BERTBASE có bao nhiêu lớp (layers), kích thước ẩn (hidden size) và số self-attention heads?","BERTBASE có 12 layers, hidden size là 768, và 12 self-attention heads.",text,fact_extraction,3
BERT,NLP,"BERTLARGE có bao nhiêu lớp (layers), kích thước ẩn (hidden size) và số self-attention heads?","BERTLARGE có 24 layers, hidden size là 1024, và 16 self-attention heads.",text,fact_extraction,3
BERT,NLP,Kích thước lớp ẩn feed-forward của BERTBASE và BERTLARGE lần lượt là bao nhiêu?,Kích thước ẩn feed-forward là 3072 cho BERTBASE và 4096 cho BERTLARGE.,text,fact_extraction,3
BERT,NLP,BERT sử dụng bộ từ vựng WordPiece có kích thước bao nhiêu token?,"Bộ từ vựng WordPiece có kích thước 30,000 token.",text,fact_extraction,4
BERT,NLP,"Trong pre-training Masked LM của BERT, có bao nhiêu phần trăm token WordPiece được chọn ngẫu nhiên để mask?",Có 15% tổng số WordPiece tokens được chọn ngẫu nhiên để mask.,text,fact_extraction,4
BERT,NLP,"Trong task pre-training Masked LM của BERT, tỷ lệ thay thế token được chọn bằng token [MASK], token ngẫu nhiên và giữ nguyên lần lượt là bao nhiêu?","Thay thế bằng token [MASK] 80% thời gian, token ngẫu nhiên 10% thời gian, và giữ nguyên 10% thời gian.",text,fact_extraction,4
BERT,NLP,BERT pre-training sử dụng những nguồn corpus nào và số lượng từ trong đó là bao nhiêu?,"Sử dụng BooksCorpus (800 triệu từ) và English Wikipedia (2,500 triệu từ).",text,fact_extraction,5
BERT,NLP,"Theo Table 1, mô hình BERTLARGE đạt điểm trung bình bao nhiêu trên tập Test của GLUE?",BERTLARGE đạt điểm trung bình là 82.1.,table,fact_extraction,7
BERT,NLP,"Theo Table 1, so sánh điểm trung bình của BERTBASE và OpenAI GPT trên tập Test GLUE?","BERTBASE đạt 79.6 điểm trung bình, cao hơn OpenAI GPT (75.1 điểm) 4.5 điểm.",table,comparative,7
BERT,NLP,"Trong bài báo BERT, theo Bảng 1, trên tác vụ MNLI (m/mm), OpenAI GPT đạt kết quả là bao nhiêu?",OpenAI GPT đạt kết quả là 82.1/81.4.,table,fact_extraction,7
BERT,NLP,"Theo Table 2, kết quả SQuAD 1.1 F1 trên tập Test của BERTLARGE (Ens.+TriviaQA) đạt bao nhiêu?",F1 đạt 93.2.,table,fact_extraction,7
BERT,NLP,"Theo Table 2, kết quả SQuAD 1.1 F1 Test của BERTLARGE (Single) cao hơn BERTBASE (Single) bao nhiêu?","BERTLARGE (Single) đạt 90.9 F1 còn BERTBASE (Single) đạt 88.5 F1, cao hơn 2.4 F1.",table,comparative,7
BERT,NLP,"Theo Table 3, điểm SQuAD 2.0 F1 Test của BERTLARGE (Single) là bao nhiêu?",BERTLARGE (Single) đạt điểm SQuAD 2.0 F1 Test là 83.1.,table,fact_extraction,7
BERT,NLP,"Theo Table 4, độ chính xác trên tập SWAG Test của BERTLARGE cao hơn OpenAI GPT bao nhiêu?","BERTLARGE đạt 86.3% độ chính xác, cao hơn OpenAI GPT với 78.0% là 8.3%.",table,comparative,7
BERT,NLP,"Theo Table 5, điểm QNLI của BERTBASE khi có và không có NSP lần lượt là bao nhiêu?","BERTBASE đạt 88.4 khi có NSP và 84.9 khi không có NSP (""No NSP"").",table,fact_extraction,8
BERT,NLP,"Theo Table 5 trong bài báo BERT, việc loại bỏ Next Sentence Prediction (NSP) ảnh hưởng mạnh nhất đến task nào trong số các task MNLI, QNLI, MRPC, SST-2, SQuAD?","Ảnh hưởng mạnh nhất đến task QNLI, làm giảm điểm từ 88.4 xuống 84.9 (giảm 3.5 điểm).",table,comparative,8
BERT,NLP,Hai nhiệm vụ pre-training chính của BERT là gì?,Masked Language Model (MLM) và Next Sentence Prediction (NSP).,text,summarization,4
BERT,NLP,Token đặc biệt [CLS] trong cấu trúc BERT đóng vai trò gì?,[CLS] đứng ở đầu mỗi sequence và trạng thái ẩn cuối cùng của nó được dùng làm biểu diễn sequence tổng hợp cho các tác vụ phân loại.,text,summarization,4
BERT,NLP,Token đặc biệt [SEP] được dùng để làm gì trong biểu diễn đầu vào của BERT?,Token [SEP] được dùng để phân tách các câu trong một sequence (ví dụ phân tách câu hỏi và câu trả lời).,text,summarization,4
BERT,NLP,Kích thước batch size và số epoch mặc định khi fine-tuning BERT trên SQuAD 1.1 là bao nhiêu?,Batch size là 32 và fine-tune trong 3 epochs.,text,fact_extraction,7
BERT,NLP,"Trong quá trình pre-training, BERT sử dụng thuật toán tối ưu nào và các tham số beta1, beta2 là bao nhiêu?","BERT sử dụng Adam với learning rate 1e-4, beta1 = 0.9, beta2 = 0.999.",text,fact_extraction,13
BERT,NLP,BERT pre-training được thực hiện trong bao nhiêu steps và tương đương với bao nhiêu epochs trên corpus?,"Pre-training được thực hiện trong 1,000,000 steps, tương đương khoảng 40 epochs trên corpus 3.3 tỷ từ.",text,fact_extraction,13
BERT,NLP,Hàm kích hoạt (activation function) nào được sử dụng trong BERT thay cho ReLU tiêu chuẩn?,Sử dụng GELU activation (Gaussian Error Linear Unit).,text,fact_extraction,13
BERT,NLP,"Trong fine-tuning mô hình BERT, các giá trị learning rate khuyên dùng cho Adam là bao nhiêu?","Các giá trị learning rate khuyên dùng là 5e-5, 3e-5, và 2e-5.",text,fact_extraction,14
TransUNet,CV,TransUNet là framework thiết kế cho bài toán nào?,Thiết kế cho bài toán phân vùng ảnh y tế (medical image segmentation).,text,summarization,1
TransUNet,CV,"Theo bài báo TransUNet, hạn chế chính của mô hình U-Net trong phân vùng ảnh y tế là gì?",U-Net gặp hạn chế trong việc mô tả rõ ràng các mối quan hệ phụ thuộc tầm xa (long-range dependency) do tính cục bộ của các phép toán convolution.,text,summarization,1
TransUNet,CV,Tại sao việc sử dụng Transformer trực tiếp kết hợp naive upsampling (không qua decoder U-Net) lại cho kết quả phân vùng thô ráp?,"Vì Transformer coi đầu vào là chuỗi 1D nên chỉ tập trung học ngữ cảnh toàn cục, dẫn đến các đặc trưng có độ phân giải thấp và thiếu thông tin định vị chi tiết.",text,summarization,2
TransUNet,CV,TransUNet giải quyết sự mất mát độ phân giải đặc trưng của Transformer bằng cách nào?,TransUNet sử dụng kiến trúc hybrid CNN-Transformer để làm encoder và một bộ cascade upsampler kết hợp với skip-connection để khôi phục chi tiết không gian.,text,summarization,2
TransUNet,CV,"Theo bài báo TransUNet, Synapse multi-organ segmentation dataset gồm bao nhiêu ca CT scan ổ bụng và tổng cộng bao nhiêu ảnh axial CT?",Gồm 30 ca CT scan ổ bụng với tổng cộng 3779 ảnh axial CT.,text,fact_extraction,5
TransUNet,CV,"Theo bài báo TransUNet, mỗi ca CT trong tập Synapse gồm bao nhiêu slices và độ phân giải mỗi slice là bao nhiêu?",Gồm 85 đến 198 slices với độ phân giải 512 x 512 pixels.,text,fact_extraction,5
TransUNet,CV,"Trong bài báo TransUNet, khi phân chia dữ liệu tập Synapse, có bao nhiêu ca được dùng làm tập train và bao nhiêu ca được dùng để validation?",Có 18 ca dùng cho training và 12 ca dùng cho validation.,text,fact_extraction,6
TransUNet,CV,"Theo bài báo TransUNet, trên tập dữ liệu Synapse, 8 cơ quan được đánh giá là những cơ quan nào?","Aorta, gallbladder, spleen, left kidney, right kidney, liver, pancreas, stomach.",text,fact_extraction,5
TransUNet,CV,"Theo bài báo TransUNet, ACDC dataset gồm bao nhiêu ca training, validation và testing?","Gồm 70 ca training, 10 ca validation và 20 ca testing.",text,fact_extraction,6
TransUNet,CV,"Theo bài báo TransUNet, ba cấu trúc giải phẫu tim được gán nhãn trong tập ACDC là gì?","Left ventricle (LV), right ventricle (RV) và myocardium (MYO).",text,fact_extraction,6
TransUNet,CV,"Theo Table 1, độ Hausdorﬀ Distance (HD) trung bình của TransUNet trên tập Synapse là bao nhiêu?",Độ HD trung bình là 31.69 mm.,table,fact_extraction,6
TransUNet,CV,"Theo Bảng 1 của bài báo TransUNet, framework nào đạt điểm Dice (DSC) trung bình cao nhì trên tập Synapse?",R50 AttnUNet đạt điểm cao nhì với 75.57%.,table,comparative,6
TransUNet,CV,"Theo Table 1, điểm DSC trung bình của TransUNet cao hơn R50 U-Net bao nhiêu phần trăm?","TransUNet đạt 77.48% còn R50 U-Net đạt 74.68%, cao hơn 2.80%.",table,comparative,6
TransUNet,CV,"Theo Table 1, so sánh điểm Dice trên cơ quan Gallbladder của TransUNet và V-Net?","TransUNet đạt 63.13% còn V-Net đạt 51.87%, TransUNet cao hơn V-Net 11.26%.",table,comparative,6
TransUNet,CV,"Trong cấu hình hybrid encoder, TransUNet kết hợp mô hình ResNet nào với ViT?",Kết hợp ResNet-50 (R50) và ViT.,text,fact_extraction,6
TransUNet,CV,Kích thước đầu vào và patch size mặc định của TransUNet là bao nhiêu?,Kích thước đầu vào là 224x224 và patch size P = 16.,text,fact_extraction,6
TransUNet,CV,Optimizer và learning rate mặc định để huấn luyện TransUNet là gì?,SGD optimizer với learning rate 0.01.,text,fact_extraction,6
TransUNet,CV,Số lượng training iterations mặc định của mô hình TransUNet cho ACDC và Synapse dataset lần lượt là bao nhiêu?,20k iterations cho ACDC và 14k iterations cho Synapse.,text,fact_extraction,6
TransUNet,CV,"Theo Table 2, khi tăng độ phân giải đầu vào từ 224 lên 512, Average DSC của TransUNet thay đổi như thế nào?",Average DSC tăng từ 77.48% lên 84.36% (tăng 6.88%).,table,comparative,9
TransUNet,CV,"Theo Table 2 của bài báo TransUNet, ở độ phân giải 512x512, cơ quan nào đạt điểm Dice cao nhất và bao nhiêu?",Liver đạt điểm Dice cao nhất với 95.54%.,table,comparative,9
TransUNet,CV,"Trong bài báo TransUNet, theo Table 3, khi patch size giảm từ 32 xuống 16 và 8, Average DSC thay đổi như thế nào?",Average DSC tăng từ 76.99% (patch size 32) lên 77.48% (patch size 16) và đạt 77.83% (patch size 8).,table,comparative,9
TransUNet,CV,"Theo Table 3, sequence length của Transformer tương ứng với patch size 32, 16 và 8 lần lượt là bao nhiêu?","Lần lượt là 49 (patch 32), 196 (patch 16) và 784 (patch 8).",table,fact_extraction,9
TransUNet,CV,"Cấu hình ""Base"" và ""Large"" của TransUNet có số layer và kích thước ẩn (hidden size D) lần lượt là bao nhiêu?","Cấu hình Base có 12 layers, hidden size 768; cấu hình Large có 24 layers, hidden size 1024.",text,fact_extraction,9
TransUNet,CV,"Theo Table 4, Average DSC của TransUNet Large vượt trội hơn bản Base bao nhiêu phần trăm?","Bản Large đạt 78.52% còn bản Base đạt 77.48%, vượt trội hơn 1.04%.",table,comparative,9
TransUNet,CV,Thiết bị GPU nào được sử dụng để tiến hành toàn bộ các thí nghiệm trong bài báo TransUNet?,Một card đồ họa NVIDIA RTX 2080Ti GPU duy nhất.,text,fact_extraction,6
Attention is All you need;BERT,NLP,Số lượng head của multi-head attention được sử dụng mặc định trong Transformer base và BERT BASE lần lượt là bao nhiêu?,"Transformer base sử dụng 8 heads, còn BERT BASE sử dụng 12 heads.",text;text,comparative,5;3
Attention is All you need;BERT,NLP,Encoder của Transformer base và BERT BASE lần lượt gồm bao nhiêu layers (Transformer blocks)?,"Encoder của Transformer base gồm 6 layers, còn BERT BASE gồm 12 layers.",text;text,comparative,2;3
Attention is All you need;BERT,NLP,Kích thước chiều ẩn dmodel/H của Transformer base và BERT BASE lần lượt là bao nhiêu?,"Chiều ẩn của Transformer base là 512, còn của BERT BASE là 768.",text;text,comparative,3;3
Attention is All you need;BERT,NLP,So sánh kích thước lớp ẩn feed-forward của Transformer base và BERT BASE?,"Kích thước lớp ẩn feed-forward của Transformer base là 2048, còn của BERT BASE là 3072.",text;text,comparative,5;3
Attention is All you need;BERT,NLP,Điểm khác biệt cơ bản trong việc xử lý ngữ cảnh giữa cơ chế attention ở encoder của Transformer và của BERT là gì?,"Encoder của Transformer sử dụng bidirectional self-attention để học ngữ cảnh từ cả hai hướng, và BERT cũng áp dụng cơ chế bidirectional self-attention này của Transformer encoder nhưng cho các tác vụ biểu diễn ngôn ngữ bidirectional pre-training sâu sắc.",text;text,comparative,2;3
Attention is All you need;BERT,NLP,Số lượng tham số của Transformer big và BERT LARGE lần lượt là bao nhiêu?,"Transformer big có 213M tham số, còn BERT LARGE có 340M tham số.",table;text,comparative,9;3
Attention is All you need;BERT,NLP,Tham số beta2 trong Adam optimizer được sử dụng khi training Transformer big và pre-training BERT lần lượt là bao nhiêu?,"Transformer sử dụng beta2 = 0.98, còn BERT sử dụng beta2 = 0.999.",text;text,comparative,7;13
Attention is All you need;BERT,NLP,"Để xử lý thông tin vị trí của các token trong chuỗi khi không sử dụng recurrence hay convolution, Transformer và BERT có sự lựa chọn nào khác nhau về positional encoding/embedding?","Transformer sử dụng sinusoidal positional encoding cố định (mặc định), còn BERT sử dụng learned positional embeddings (thông số học được).",text;text,comparative,6;4
Attention is All you need;BERT,NLP,So sánh số bước huấn luyện (training steps) của Transformer base và BERT BASE trong pre-training?,"Transformer base được huấn luyện trong 100,000 bước, còn BERT BASE được pre-train trong 1,000,000 bước (nhiều gấp 10 lần).",text;text,comparative,7;13
Attention is All you need;BERT,NLP,Dropout rate được sử dụng mặc định trong cả Transformer base và BERT BASE trong quá trình huấn luyện là bao nhiêu?,Cả hai mô hình đều sử dụng tỷ lệ dropout mặc định là 0.1.,text;text,fact_extraction,7;13
Attention is All you need;BERT,NLP,So sánh số lượng GPU và thời gian huấn luyện mô hình Transformer big so với việc fine-tune BERT?,"Transformer big mất 3.5 ngày huấn luyện trên 8 GPU P100, trong khi việc fine-tune BERT rất rẻ, chỉ mất tối đa 1 giờ trên một Cloud TPU hoặc vài giờ trên GPU.",text;text,comparative,7;5
Attention is All you need;BERT,NLP,"Trong các thí nghiệm dịch máy WMT 2014, Transformer sử dụng bao nhiêu token từ vựng chia sẻ, và BERT sử dụng từ vựng WordPiece kích thước bao nhiêu?","Transformer sử dụng vocabulary khoảng 37,000 tokens (English-to-German), còn BERT sử dụng từ vựng WordPiece gồm 30,000 tokens.",text;text,fact_extraction,7;4
Attention is All you need;BERT,NLP,"Công thức tính toán attention cơ bản của Transformer là gì, và BERT sử dụng nó trong thành phần nào?","Transformer sử dụng Scaled Dot-Product Attention: Attention(Q,K,V) = softmax(Q K^T / sqrt(d_k)) V, và BERT sử dụng nó trong tất cả các multi-layer bidirectional Transformer encoder blocks.",image;text,fact_extraction,4;3
Attention is All you need;BERT,NLP,"Transformer đạt được bao nhiêu BLEU trên tập English-to-German WMT 2014, và BERT đạt bao nhiêu F1 trên SQuAD v1.1 Test?","Transformer (big) đạt 28.4 BLEU, còn BERT (ensemble) đạt 93.2 F1 trên SQuAD v1.1 Test.",text;text,fact_extraction,1;1
Attention is All you need;BERT,NLP,"Kích thước batch training chứa bao nhiêu token trong Transformer, và kích thước batch size khi pre-train BERT là bao nhiêu?","Transformer sử dụng batch chứa 25,000 source tokens và 25,000 target tokens, còn BERT pre-train với batch size chứa 256 sequences (mỗi sequence 512 tokens).",text;text,fact_extraction,7;13
TransUNet;MultiResUnet,CV,TransUNet và MultiResUNet cùng đề xuất giải pháp cải tiến dựa trên kiến trúc gốc nào?,Cả hai đều đề xuất giải pháp cải tiến dựa trên kiến trúc gốc U-Net cho bài toán phân vùng ảnh (segmentation).,text;text,comparative,1;1
TransUNet;MultiResUnet,CV,Số lượng tham số của mô hình MultiResUNet 2D là bao nhiêu và TransUNet Base được huấn luyện trên loại GPU nào?,"MultiResUNet 2D có 7,262,750 tham số, và TransUNet được huấn luyện trên một card đồ họa NVIDIA RTX 2080Ti GPU duy nhất.",table;text,fact_extraction,11;6
TransUNet;MultiResUnet,CV,Kích thước ảnh đầu vào mặc định của TransUNet và MultiResUNet trên tập dữ liệu nội soi (Endoscopy/CVC-ClinicDB) lần lượt là bao nhiêu?,"TransUNet sử dụng kích thước đầu vào mặc định là 224x224, còn MultiResUNet resize ảnh Endoscopy về kích thước 256x192.",text;table,fact_extraction,6;11
TransUNet;MultiResUnet,CV,TransUNet và MultiResUNet sử dụng thuật toán tối ưu (optimizer) nào khi huấn luyện mô hình?,"TransUNet sử dụng SGD optimizer, còn MultiResUNet sử dụng Adam optimizer.",text;text,comparative,6;12
TransUNet;MultiResUnet,CV,"TransUNet and MultiResUNet both aim to improve U-Net. What is the key mechanism introduced by TransUNet to model global context, and what does MultiResUNet introduce to reconcile incompatible features between encoder and decoder?","TransUNet introduces self-attention mechanisms via Transformers to model global context, while MultiResUNet introduces Res Paths (residual paths) to reconcile incompatible features between encoder and decoder.",text;text,comparative,3;18
TransUNet;MultiResUnet,CV,So sánh số epochs huấn luyện mặc định của TransUNet (trên ACDC/Synapse) và MultiResUNet?,"TransUNet được huấn luyện mặc định với số epochs tương ứng 20k iterations (ACDC) và 14k iterations (Synapse), còn MultiResUNet được huấn luyện mặc định trong 150 epochs.",text;text,comparative,6;12
TransUNet;MultiResUnet,CV,"Trên tập dữ liệu Synapse (ở TransUNet) và tập MRI BraTS17 (ở MultiResUNet), tác giả của hai bài báo sử dụng kỹ thuật phân vùng 3D hay phân vùng slice-by-slice 2D?",Cả hai đều sử dụng phân vùng slice-by-slice (2D) trên các lát cắt của dữ liệu 3D sau đó ghép lại để tái cấu trúc.,text;text,fact_extraction,6;10
TransUNet;MultiResUnet,CV,"Theo Table 1 của TransUNet và Table 3 của MultiResUNet, số tham số của mô hình U-Net baseline 2D trong hai nghiên cứu lần lượt là bao nhiêu?","U-Net baseline trong TransUNet sử dụng encoder pretrained ResNet-50 (R50 U-Net) hoặc U-Net tiêu chuẩn, còn U-Net baseline trong MultiResUNet có 7,759,521 tham số.",text;table,fact_extraction,6;11
TransUNet;MultiResUnet,CV,Loại loss function được sử dụng để tối ưu hóa mô hình trong TransUNet và MultiResUNet là gì?,"TransUNet sử dụng loss kết hợp Cross Entropy và Dice loss (được tối ưu hóa qua SGD), còn MultiResUNet sử dụng Binary Cross Entropy loss (được tối ưu hóa qua Adam).",text;text,comparative,4;12
TransUNet;MultiResUnet,CV,So sánh kết quả Jaccard Index (hoặc Dice Score) trung bình trên tập dữ liệu Dermoscopy (nốt ruồi/ung thư da) của mô hình TransUNet và MultiResUnet?,"TransUNet đạt Dice Score trung bình là 77.48% trên Synapse (không chạy Dermoscopy), còn MultiResUNet đạt Jaccard Index trung bình là 80.2988% trên tập Dermoscopy.",table;table,comparative,6;14
TransUNet;MultiResUnet,CV,So sánh số lượng ca huấn luyện/kiểm tra được sử dụng trong tập dữ liệu Synapse (của TransUNet) và tập Dermoscopy ISIC-2018 (của MultiResUNet)?,"Synapse có 18 ca training và 12 ca validation, còn Dermoscopy ISIC-2018 gồm tổng cộng 2594 ảnh có gán nhãn của chuyên gia.",text;table,fact_extraction,6;11
TransUNet;MultiResUnet,CV,TransUNet và MultiResUNet giải quyết vấn đề trích xuất đặc trưng đa tỷ lệ (multi-scale feature extraction) bằng các thành phần cấu trúc khác nhau nào?,"TransUNet sử dụng cơ chế Patch Embedding và Transformer layer để học ngữ cảnh toàn cục đa tỷ lệ, còn MultiResUNet đề xuất MultiRes Block lấy cảm hứng từ Inception block với các kích thước kernel song song (3x3, 5x5, 7x7).",text;text,comparative,4;18
TransUNet;MultiResUnet,CV,Cấu trúc bộ giải mã (decoder) trong kiến trúc đề xuất của TransUNet và MultiResUNet có tên gọi là gì?,"TransUNet sử dụng bộ giải mã có tên là Cascaded Upsampler (CUP), còn MultiResUNet sử dụng bộ giải mã U-Net cải tiến kết hợp với các Res Path từ phía encoder.",text;text,comparative,5;18
TransUNet;MultiResUnet,CV,Nguồn code và mô hình của TransUNet và MultiResUNet được tác giả chia sẻ công khai ở địa chỉ nào?,"TransUNet chia sẻ tại github.com/Beckschen/TransUNet, còn MultiResUNet không ghi cụ thể link Github trong bài báo (chỉ ghi địa chỉ liên hệ của tác giả).",text;text,fact_extraction,1;1
TransUNet;MultiResUnet,CV,"Trong phần kết luận của hai bài báo TransUNet và MultiResUnet, các tác giả đều nhấn mạnh cấu trúc nào đóng vai trò là ""tiêu chuẩn thực tế"" (de-facto standard) trong phân vùng ảnh y tế?",Cả hai bài báo đều công nhận kiến trúc U-Net là tiêu chuẩn thực tế (de-facto standard) cho phân vùng ảnh y tế.,text;text,fact_extraction,1;1
BERT,NLP,"Theo bài báo BERT, tại sao việc sử dụng MLM (Masked Language Model) kết hợp với NSP (Next Sentence Prediction) trong pre-training lại quan trọng đối với các tác vụ hạ nguồn như QA và NLI so với chỉ dùng MLM?","NSP giúp mô hình học mối quan hệ giữa hai câu (hữu ích cho QA và NLI), trong khi MLM chỉ học biểu diễn ngữ cảnh mức độ từ. Việc kết hợp cả hai cho phép mô hình tối ưu hóa đồng thời cả ngữ nghĩa cấp độ từ và mối quan hệ liên kết giữa các câu.",text,summarization,4
BERT,NLP,So sánh hiệu năng (F1 score) của BERTBASE và BERTLARGE trên tập dữ liệu SQuAD v1.1 Dev và Test. Mô hình nào tối ưu hơn và chênh lệch cụ thể là bao nhiêu?,"BERT_LARGE (Single) đạt EM/F1 lần lượt là 84.1/90.9 trên Dev và 85.1/91.8 nếu kết hợp TriviaQA. BERT_BASE (Single) đạt 80.8/88.5 trên Dev. BERT_LARGE tối ưu hơn, vượt trội hơn BERT_BASE 3.3% EM và 2.4% F1 trên tập Dev.",table,comparative,7
BERT,NLP,Tại sao kiến trúc BERT lại có khả năng giảm thiểu đáng kể sự cần thiết của các kiến trúc chuyên biệt cho từng tác vụ hạ nguồn (task-specific architectures)?,"Vì cơ chế tự chú ý (self-attention) của Transformer trong BERT cho phép mô hình hóa linh hoạt cả đầu vào là một câu đơn lẻ hoặc một cặp câu dưới dạng một chuỗi token thống nhất, chỉ cần thay đổi lớp đầu ra phù hợp là có thể áp dụng trực tiếp cho các tác vụ khác nhau.",text,summarization,2
BERT,NLP,"Trong phần ablation study ở Table 5, hiệu năng phân loại của BERT BASE bị ảnh hưởng như thế nào trên task MNLI-m và MRPC khi loại bỏ cơ chế NSP (""No NSP"") so với việc chuyển hẳn sang kiến trúc LTR (Left-to-Right) không có NSP (""LTR & No NSP"")?","Khi loại bỏ NSP (""No NSP""), điểm MNLI-m giảm 0.5% (từ 84.4% xuống 83.9%) và MRPC giảm 0.2% (từ 86.7% xuống 86.5%). Khi chuyển sang LTR & No NSP, điểm giảm mạnh hơn nhiều: MNLI-m giảm 2.3% (xuống 82.1%) và MRPC giảm 9.2% (xuống 77.5%). Điều này chứng tỏ tính hai chiều (bidirectionality) quan trọng hơn nhiều so với NSP đối với MRPC.",table,comparative,8
BERT,NLP,"Trong quá trình pre-training của BERT với Masked Language Model (MLM), việc áp dụng kỹ thuật chèn ngẫu nhiên các token không phải [MASK] chiếm 20% (trong số 15% vị trí được chọn) nhằm mục đích gì?","Nhằm giảm thiểu sự sai lệch giữa quá trình pre-training và fine-tuning, vì token đặc biệt [MASK] hoàn toàn không xuất hiện trong quá trình fine-tuning trên các tác vụ thực tế.",text,summarization,4
BERT,NLP,Hãy giải thích ý nghĩa đầy đủ của các từ cấu thành nên cụm từ viết tắt BERT (Bidirectional Encoder Representations from Transformers).,BERT là viết tắt cho cụm từ Bidirectional Encoder Representations from Transformers.,text,fact_extraction,1
BERT,NLP,"So sánh sự thay đổi về điểm F1 trên tập SQuAD 1.1 Dev giữa mô hình BERTBASE thông thường và các mô hình ablation ""No NSP"", ""LTR & No NSP"" trong Table 5. Sự thay đổi này cho thấy điều gì về vai trò của ngữ cảnh hai chiều?","BERT_BASE đạt 88.5 F1, ""No NSP"" đạt 87.9 F1 (giảm 0.6 F1), còn ""LTR & No NSP"" đạt 77.8 F1 (giảm tới 10.7 F1). Sự sụt giảm cực kỳ lớn này cho thấy ngữ cảnh hai chiều (bidirectional context) đóng vai trò quyết định đối với tác vụ dự đoán token như SQuAD vì mô hình LTR không thể tận dụng ngữ cảnh bên phải.",table,comparative,8
Attention is all you need,NLP,"Trong mô hình Transformer (Attention is all you need), tại sao cơ chế Scaled Dot-Product Attention lại cần thêm hệ số chia căn bậc hai của d_k so với cơ chế Dot-Product thông thường khi d_k có giá trị lớn?","Khi dk lớn, trị số của dot product tăng mạnh về độ lớn, đẩy hàm softmax vào các vùng có gradient cực kỳ nhỏ (bị bão hòa). Chia cho căn dk giúp thu nhỏ trị số dot product và tránh hiện tượng triệt tiêu gradient này.",text,summarization,4
Attention is all you need,NLP,"Theo Table 1 trong bài báo 'Attention is all you need', so sánh độ phức tạp tính toán trên mỗi layer và đường đi ngắn nhất (maximum path length) giữa cơ chế Self-Attention và Recurrent layer. Tại sao Self-Attention lại tối ưu hơn đối với các chuỗi có độ dài ngắn hơn chiều biểu diễn?","Self-Attention có độ phức tạp O(n^2 * d) và tối đa đường đi O(1). Recurrent có độ phức tạp O(n * d^2) và tối đa đường đi O(n). Khi chuỗi n ngắn hơn chiều biểu diễn d, O(n^2 * d) sẽ nhỏ hơn O(n * d^2), giúp Self-Attention tính toán nhanh hơn kết hợp khả năng song song hóa O(1) so với tính tuần tự O(n).",table,comparative,6
Attention is all you need,NLP,Việc chia sẻ chung một ma trận trọng số (shared weight matrix) giữa hai lớp nhúng (embedding layers) và lớp biến đổi tuyến tính trước softmax (pre-softmax linear transformation) trong Transformer mang lại lợi ích gì?,"Giúp giảm đáng kể tổng số lượng tham số của mô hình cần học và cho phép chia sẻ không gian biểu diễn ngữ nghĩa giữa đầu vào encoder, đầu vào decoder và các phân phối xác suất đầu ra.",text,summarization,5
Attention is all you need,NLP,"Dựa vào Table 2, hãy so sánh chi phí huấn luyện (Training Cost tính bằng FLOPs) và điểm BLEU trên tập English-to-German của Transformer (base model) và Transformer (big). Sự đánh đổi giữa hiệu năng và tài nguyên ở đây là gì?",Transformer base đạt 27.3 BLEU với chi phí 3.3 * 10^18 FLOPs. Transformer big đạt 28.4 BLEU (tăng 1.1 BLEU) với chi phí 2.3 * 10^19 FLOPs (gấp khoảng 7 lần). Sự đánh đổi là cải thiện một lượng nhỏ BLEU cần đánh đổi bằng lượng tính toán cực kỳ lớn.,table,comparative,8
Attention is all you need,NLP,"Trong cơ chế Multi-Head Attention của Transformer, việc thực hiện song song h đầu tự chú ý với kích thước giảm đi (dk = dv = dmodel / h) có ưu điểm gì so với việc áp dụng một đầu tự chú ý duy nhất trên toàn bộ dmodel?","Cho phép mô hình đồng thời chú ý và học thông tin từ các không gian biểu diễn con khác nhau ở các vị trí khác nhau, đồng thời giữ nguyên chi phí tính toán tương đương với single-head attention kích thước đầy đủ do chiều số học của mỗi head được thu nhỏ đi h lần.",text,summarization,4
Attention is all you need,NLP,"Theo Table 3 của bài báo ""Attention is all you need"", khi thay đổi hệ số label smoothing từ 0.0 (dòng A) sang 0.1 (dòng base model), điểm BLEU và perplexity (PPL) trên tập phát triển English-to-German thay đổi như thế nào? Sự thay đổi này phản ánh điều gì?","Khi không dùng label smoothing, PPL đạt 4.67 và BLEU đạt 25.3. Khi áp dụng label smoothing 0.1, PPL tăng lên 4.92 (tệ hơn) nhưng BLEU tăng lên 25.8 (tốt hơn). Điều này cho thấy label smoothing làm mô hình kém tự tin hơn về mặt xác suất (PPL cao hơn) nhưng cải thiện khả năng tổng quát hóa và độ chính xác dịch thuật (BLEU cao hơn).",table,comparative,9
MultiResUnet,CV,"Trong bài báo MultiResUNet, tại sao tác giả lại đề xuất khối 'Res Path' để thay thế cho skip connection thông thường trong kiến trúc U-Net?","Vì skip connection trực tiếp nối các đặc trưng cấp thấp từ encoder (chứa nhiều nhiễu) với đặc trưng cấp cao từ decoder, gây ra semantic gap lớn. Res Path chèn thêm các khối convolution phi tuyến để làm mịn các đặc trưng trước khi nối, giúp giảm semantic gap và cải thiện chất lượng phân vùng.",text,summarization,7
MultiResUnet,CV,So sánh sự khác biệt về số lượng tham số giữa U-Net baseline và MultiResUNet ở cả hai phiên bản 2D và 3D trong Table 3. Sự khác biệt này phản ánh điều gì về hiệu quả thiết kế của MultiResUNet?,"Bản 2D: U-Net có 7,759,521 tham số, MultiResUNet có 7,262,750 (giảm khoảng 496k tham số). Bản 3D: 3D U-Net có 19,078,593 tham số, MultiResUNet 3D có 18,657,689 (giảm khoảng 420k tham số). Điều này cho thấy MultiResUNet không chỉ cải tiến hiệu năng mà còn tối ưu hóa cấu trúc để gọn nhẹ hơn mô hình gốc.",table,comparative,11
MultiResUnet,CV,Tại sao Jaccard Index lại được chọn làm hệ số đánh giá chính trong các thí nghiệm của mô hình MultiResUnet thay vì chỉ dùng các chỉ số pixel-wise accuracy thông thường?,"Vì trong ảnh y tế, vùng đối tượng cần phân vùng thường chiếm tỷ lệ rất nhỏ so với nền. Pixel-wise accuracy sẽ bị phóng đại bởi vùng nền lớn, trong khi Jaccard Index đánh giá chính xác vùng giao và hợp của đối tượng, giúp phản ánh chân thực chất lượng phân vùng.",text,summarization,12
MultiResUnet,CV,"Dựa trên kết quả ở Table 4, hãy so sánh relative improvement (%) của MultiResUNet so với U-Net trên hai tập dữ liệu: Endoscopy (Nội soi) và Electron Microscopy (Kính hiển vi điện tử). Giải thích tại sao lại có sự chênh lệch lớn về cải thiện này?","Relative improvement trên Endoscopy là 10.1465%, trong khi trên Electron Microscopy chỉ là 0.6161%. Sự chênh lệch này là do ảnh Endoscopy có biên giới mờ và nhiễu lớn nên khối MultiRes đa tỷ lệ phát huy tác dụng rõ rệt, còn Electron Microscopy là ảnh chiếm đa số đối tượng (majority class) làm cho chỉ số Jaccard Index bị thổi phồng và khó tạo ra cải thiện lớn về mặt số liệu mặc dù ảnh phân vùng trực quan tốt hơn.",table,comparative,14
MultiResUnet,CV,"Trong bài báo MultiResUNet, tác giả đã giải thích thế nào về hiện tượng U-Net dễ bị lỗi nhận diện các hạt sáng nhỏ không phải nhân tế bào (outliers) trong tập ảnh Fluorescence Microscopy tại Hình 10?","U-Net thiếu khả năng phân tích đa độ phân giải sâu sắc và lọc nhiễu tốt, dẫn đến việc nhầm lẫn các hạt nhỏ có độ sáng cao là nhân tế bào. MultiResUNet nhờ các khối MultiRes phân tích đa tỷ lệ có khả năng phân biệt và loại bỏ các nhiễu hạt nhỏ này một cách hiệu quả.",text,summarization,17
MultiResUnet,CV,"Dựa trên biểu đồ hội tụ ở Hình 6, hãy so sánh tốc độ hội tụ (số epochs) và độ ổn định (standard deviation) giữa MultiResUNet và U-Net trong quá trình huấn luyện.","MultiResUNet đạt điểm Jaccard cao và hội tụ nhanh hơn nhiều so với U-Net (cần ít epoch hơn). Ngoài ra, dải biểu diễn độ lệch chuẩn của MultiResUNet hẹp hơn rõ rệt so với U-Net, chứng tỏ mô hình có độ robust và ổn định cao hơn qua các fold kiểm chéo.",image,comparative,15
TransUNet,CV,Tại sao việc sử dụng thuần túy Transformer làm encoder trực tiếp kết hợp naive upsampling (None decoder) lại không mang lại hiệu năng phân vùng tối ưu cho ảnh y tế?,"Vì Transformer xử lý ảnh dưới dạng chuỗi 1D và tập trung hoàn toàn vào học ngữ cảnh toàn cục, dẫn đến việc mất mát các đặc trưng không gian có độ phân giải cao và chi tiết biên của đối tượng (localization information) vốn rất cần thiết để khôi phục vùng phân vùng chính xác.",text,summarization,2
TransUNet,CV,"Dựa vào Table 1 của bài báo TransUNet, hãy so sánh kết quả DSC (%) và HD (mm) trên tập Synapse giữa cấu hình ViT-None (naive upsampling) và ViT-CUP (sử dụng cascaded upsampler). Kết quả này chứng minh điều gì?","ViT-None đạt 61.50% DSC và 39.61 mm HD, trong khi ViT-CUP đạt 67.86% DSC và 36.11 mm HD. Kết quả này cải thiện 6.36% DSC và giảm 3.50 mm HD, chứng minh CUP là giải pháp giải mã (decoding) vượt trội giúp khôi phục chi tiết định vị tốt hơn so với upsample trực tiếp.",table,comparative,6
TransUNet,CV,Cơ chế hoạt động của Cascaded Upsampler (CUP) trong TransUNet giúp khôi phục độ phân giải đặc trưng của ảnh từ ẩn họa sang độ phân giải đầy đủ như thế nào?,"CUP thực hiện tuần tự nhiều bước giải mã bằng cách ghép nối liên tiếp các khối gồm: một phép upsampling 2x, một lớp convolution 3x3 và một hàm kích hoạt ReLU, giúp đưa độ phân giải từ H/16 x W/16 dần đạt mức H x W của ảnh gốc.",text,summarization,5
TransUNet,CV,"Dựa trên Table 3, so sánh hiệu năng DSC (%) trên hai cơ quan Gallbladder và Organ Average của TransUNet khi thay đổi patch size từ 32 xuống 16 và 8. Xu hướng này chỉ ra điều gì?","Khi patch size là 32, Gallbladder đạt 63.06% và Average đạt 76.99%. Khi patch size là 16, Gallbladder đạt 63.13% và Average đạt 77.48%. Khi patch size là 8, Gallbladder giảm xuống 58.31% nhưng Average tăng lên 77.83%. Xu hướng chung cho thấy patch size nhỏ hơn (sequence length dài hơn) cải thiện Average DSC tổng thể nhưng có thể gây bất ổn định đối với một số cơ quan nhỏ/khó phân vùng như Gallbladder (giảm mạnh ở patch size 8).",table,comparative,9
TransUNet,CV,Tại sao việc kết hợp CNN và Transformer thành kiến trúc Hybrid Encoder trong TransUNet lại hoạt động tốt hơn việc chỉ dùng ảnh thô trực tiếp cho ViT encoder?,"Vì Hybrid Encoder cho phép tận dụng các bản đồ đặc trưng có độ phân giải cao trung gian từ CNN trong đường dẫn decoding (thông qua skip connections), giúp bù đắp chi tiết không gian bị thiếu hụt của Transformer.",text,summarization,5
TransUNet,CV,"Theo Table 1, so sánh điểm Dice Score (%) trên hai cơ quan Liver và Pancreas giữa TransUNet và mô hình tốt nhất của nhóm CNN (R50 AttnUNet). Nhận xét về sự chênh lệch hiệu năng trên hai cơ quan này.","Trên Liver, TransUNet đạt 94.08%, tương đương với R50 AttnUNet (93.56%). Trên Pancreas, TransUNet đạt 55.86% còn R50 AttnUNet đạt 49.37% (TransUNet vượt trội hơn tới 6.49%). Điều này cho thấy TransUNet vượt trội rõ rệt trên cơ quan khó phân vùng, có kích thước nhỏ và biến động lớn như Pancreas nhờ khả năng học ngữ cảnh toàn cục của Transformer.",table,comparative,6
Attention is All you need;BERT,NLP,"So sánh cách thiết lập tham số cho bộ tối ưu hóa Adam (beta1, beta2 và epsilon) trong quá trình huấn luyện mô hình Transformer big (Attention Is All You Need) và mô hình BERT (BERT)?","Cả hai mô hình đều sử dụng thuật toán tối ưu Adam và cùng đặt tham số beta1 = 0.9. Tuy nhiên, Transformer big sử dụng beta2 = 0.98 và epsilon = 10^-9, trong khi BERT sử dụng beta2 = 0.999.",text;text,comparative,7;13
Attention is All you need;BERT,NLP,"Cả hai bài báo đều đề cập đến việc áp dụng mô hình lớn hơn. Hãy so sánh chi tiết số lượng lớp ẩn (hidden size), số lượng attention heads, và số block Transformer giữa mô hình Transformer (big) và mô hình BERT_LARGE.","Cả hai mô hình lớn đều sử dụng hidden size là 1024 và số attention heads là 16. Tuy nhiên, Transformer (big) chỉ sử dụng 6 blocks ở encoder (và 6 ở decoder), trong khi BERT_LARGE sử dụng tới 24 blocks ở encoder. Điều này làm cho số lượng tham số của BERT_LARGE (340M) lớn hơn đáng kể so với Transformer (big) (213M).",table;text,comparative,9;3
Attention is All you need;BERT,NLP,Cả hai mô hình đều huấn luyện trên dữ liệu văn bản lớn. Hãy so sánh kích thước batch size (tính theo số lượng token trên mỗi batch) được sử dụng trong quá trình huấn luyện Transformer (base model) và quá trình pre-training của BERT.,"Transformer sử dụng kích thước batch chứa khoảng 25,000 source tokens và 25,000 target tokens (tổng cộng khoảng 50,000 tokens mỗi batch). Trong khi đó, BERT pre-training sử dụng kích thước batch lớn hơn nhiều, gồm 256 sequences, mỗi sequence dài 512 tokens, tương đương 128,000 tokens mỗi batch (gấp hơn 2.5 lần so với Transformer).",text;text,comparative,7;13
Attention is All you need;BERT,NLP,Cả hai mô hình đều xử lý vấn đề mã hóa vị trí (positional encoding/embedding) cho các token do cấu trúc không tuần tự. So sánh phương pháp thiết lập positional representation giữa Transformer và BERT và sự đánh đổi của chúng.,"Transformer sử dụng Sinusoidal Positional Encoding cố định bằng công thức toán học sine/cosine, giúp tiết kiệm tham số và có khả năng ngoại suy chuỗi dài hơn. BERT sử dụng Learned Positional Embeddings được tối ưu hóa trực tiếp trong quá trình training, giúp mô hình học biểu diễn vị trí chính xác hơn từ dữ liệu nhưng làm tăng số lượng tham số và giới hạn độ dài chuỗi cố định tối đa.",text;text,comparative,5;4
Attention is All you need;BERT,NLP,So sánh điểm BLEU đạt được của mô hình Transformer (big) trên bài toán WMT 2014 English-to-German với kết quả GLUE Average score của mô hình BERT_LARGE. Hãy chỉ ra tại sao việc so sánh trực tiếp hai con số này lại không hợp lý về mặt bản chất đo lường?,"Transformer (big) đạt 28.4 BLEU, còn BERT_LARGE đạt điểm trung bình GLUE là 82.1. So sánh trực tiếp hai con số này không hợp lý vì BLEU là thang đo dựa trên độ trùng khớp n-gram để đánh giá chất lượng dịch thuật tự động, còn GLUE Average là điểm trung bình cộng của độ chính xác/F1 trên 9 tác vụ hiểu ngôn ngữ tự nhiên khác nhau.",text;text,comparative,1;6
TransUNet;MultiResUnet,CV,So sánh cách tiếp cận cải tiến skip connection của U-Net giữa MultiResUNet và TransUNet. Mục tiêu giải quyết và cơ chế của hai phương pháp có gì khác biệt?,Cả hai đều tìm cách giải quyết nhược điểm của skip connection nguyên bản trong U-Net. MultiResUNet sử dụng Res Paths chèn các khối convolution phi tuyến để làm mịn đặc trưng và thu hẹp khoảng cách ngữ nghĩa (semantic gap) giữa encoder và decoder. TransUNet lại sử dụng cơ chế self-attention của Transformer để học đặc trưng toàn cục trước khi truyền qua skip connections nối với các đặc trưng CNN độ phân giải cao ở decoder để tăng khả năng định vị chính xác.,text;text,comparative,3;7
TransUNet;MultiResUnet,CV,So sánh kích thước ảnh đầu vào (input resolution) và phương pháp xử lý đa tỷ lệ đặc trưng (multi-scale feature extraction) ở encoder của hai mô hình MultiResUNet và TransUNet.,"TransUNet được huấn luyện với input đầu vào là các ảnh 224x224 hoặc 512x512. Đối với MultiResUNet là 256x256 cho các ảnh vi hiển vi và 256x192 cho các tập ảnh còn lại. Tuy nhiên, MultiResUNet thực hiện trích xuất đa tỷ lệ bằng cách sử dụng các bộ lọc song song kích thước 3x3, 5x5, 7x7 trong khối MultiRes Block của CNN. TransUNet lại thực hiện bằng cách chia nhỏ ảnh thành các patch kích thước PxP (ví dụ 16x16) và đưa vào các Transformer layers để mô hình hóa mối quan hệ ngữ cảnh toàn cục.",text;table,comparative,6;11
TransUNet;MultiResUnet,CV,So sánh thiết kế phần giải mã (decoder) để khôi phục độ phân giải ảnh gốc giữa bộ giải mã CUP (Cascaded Upsampler) trong TransUNet và khối bộ giải mã trong MultiResUNet.,CUP trong TransUNet thực hiện giải mã tuần tự qua các khối gồm upsampling 2x kết hợp convolution 3x3 và ReLU. Bộ giải mã trong MultiResUNet sử dụng kiến trúc decoder U-Net truyền thống nhưng thay thế các khối convolution thông thường bằng các MultiRes blocks để nâng cao khả năng phân tích đa độ phân giải ở nhánh giải mã.,text;text,comparative,5;18
TransUNet;MultiResUnet,CV,So sánh cấu hình phần cứng thử nghiệm (GPU) và môi trường cài đặt phần mềm để huấn luyện mô hình được tác giả mô tả trong hai bài báo TransUNet và MultiResUNet.,"TransUNet được huấn luyện trên một card đồ họa NVIDIA RTX 2080Ti GPU duy nhất và không đề cập sử dụng framework học sâu cụ thể, tuy có đề cập cách thức cài đặt. MultiResUNet được thực hiện bằng ngôn ngữ lập trình Python3 kết hợp với framework Keras và TensorFlow, chạy trên GPU NVIDIA TITAN Xp.",text;text,comparative,6;11
TD3,RL,"Trong thuật toán TD3 (Twin Delayed DDPG), cơ chế trì hoãn cập nhật mạng Actor (Delayed Actor Updates) được thực hiện như thế nào và nhằm mục đích gì?","Trong thuật toán TD3, cập nhật mạng Actor (chính sách) được trì hoãn để chỉ thực hiện sau mỗi D lần cập nhật mạng Critic (thường D = 2). Cơ chế này giúp giảm thiểu biến động (variance) và sai số tích lũy của hàm giá trị (Critic) trước khi dùng nó để cập nhật chính sách, giúp quá trình huấn luyện ổn định và hiệu quả hơn.",text,fact_extraction,6
